"anzahl","vorname","geschlecht","position"
34,"Sophie","w",2
33,"Marie","w",2
26,"Mia","w",1
26,"Noah","m",1
24,"Emilia","w",1
24,"Emma","w",1
23,"Lina","w",1
23,"Ben","m",1
23,"Liam","m",1
22,"Finn","m",1
22,"Leo","m",1
21,"Jakob","m",1
20,"Ella","w",1
20,"Felix","m",1
20,"Leon","m",1
20,"Paul","m",1
18,"Charlotte","w",1
18,"Lea","w",1
18,"Elias","m",1
18,"Emil","m",1
18,"Maria","w",2
17,"Mila","w",1
17,"Anton","m",1
17,"Luca","m",1
16,"Ida","w",1
16,"Jonathan","m",1
15,"Katharina","w",2
14,"Helena","w",1
14,"Jonas","m",1
14,"Levi","m",1
14,"Linus","m",1
14,"Milan","m",1
13,"Clara","w",1
13,"Johanna","w",1
13,"Adam","m",1
13,"Jan","m",1
13,"Julius","m",1
13,"Lio","m",1
12,"Emily","w",1
12,"Hannah","w",1
12,"Lotta","w",1
12,"Mira","w",1
12,"Nora","w",1
12,"Sophie","w",1
12,"Theo","m",1
12,"Vincent","m",1
12,"Elisabeth","w",2
11,"Lara","w",1
11,"Paula","w",1
11,"Ronja","w",1
11,"Carlo","m",1
11,"Henri","m",1
11,"Johanna","w",2
11,"Alexander","m",2
10,"Anna","w",1
10,"Lena","w",1
10,"Leni","w",1
10,"Marie","w",1
10,"Sophia","w",1
10,"Erik","m",1
10,"Henry","m",1
10,"Karl","m",1
10,"Louis","m",1
10,"Maximilian","m",2
10,"Paul","m",2
9,"Amelie","w",1
9,"Hanna","w",1
9,"Juna","w",1
9,"Leonie","w",1
9,"Lia","w",1
9,"Luisa","w",1
9,"Matilda","w",1
9,"Adrian","m",1
9,"Alexander","m",1
9,"David","m",1
9,"Malik","m",1
9,"Moritz","m",1
9,"Oliver","m",1
9,"Oskar","m",1
9,"Simon","m",1
9,"Luise","w",2
9,"Elias","m",2
8,"Josefine","w",1
8,"Maya","w",1
8,"Nele","w",1
8,"Stella","w",1
8,"Benjamin","m",1
8,"Johann","m",1
8,"Kilian","m",1
8,"Leonard","m",1
8,"Lukas","m",1
8,"Maxim","m",1
8,"Milo","m",1
8,"Anna","w",2
8,"Sophia","w",2
8,"Johann","m",2
7,"Elisa","w",1
7,"Frieda","w",1
7,"Isabella","w",1
7,"Lilly","w",1
7,"Melina","w",1
7,"Mina","w",1
7,"Sofia","w",1
7,"Theresa","w",1
7,"Aaron","m",1
7,"Amir","m",1
7,"Fynn","m",1
7,"Jona","m",1
7,"Jonah","m",1
7,"Kian","m",1
7,"Lucas","m",1
7,"Maximilian","m",1
7,"David","m",2
7,"Emil","m",2
7,"Johannes","m",2
7,"Wilhelm","m",2
6,"Amira","w",1
6,"Carlotta","w",1
6,"Finja","w",1
6,"Jana","w",1
6,"Katharina","w",1
6,"Lilli","w",1
6,"Luise","w",1
6,"Luna","w",1
6,"Maria","w",1
6,"Marla","w",1
6,"Mona","w",1
6,"Paulina","w",1
6,"Romy","w",1
6,"Sara","w",1
6,"Carl","m",1
6,"Emilian","m",1
6,"Enno","m",1
6,"Frederik","m",1
6,"Gabriel","m",1
6,"Hannes","m",1
6,"Malte","m",1
6,"Matteo","m",1
6,"Miran","m",1
6,"Mohammad","m",1
6,"Mohammed","m",1
6,"Nick","m",1
6,"Niklas","m",1
6,"Philipp","m",1
6,"Thilo","m",1
6,"Tobias","m",1
6,"Toni","m",1
6,"Valentin","m",1
6,"Alexandra","w",2
6,"Elisa","w",2
6,"Emilia","w",2
6,"Ali","m",2
6,"Anton","m",2
6,"Jakob","m",2
6,"Leon","m",2
6,"Levi","m",2
6,"Noah","m",2
6,"Valentin","m",2
5,"Ada","w",1
5,"Alina","w",1
5,"Anouk","w",1
5,"Ava","w",1
5,"Eleni","w",1
5,"Elina","w",1
5,"Laura","w",1
5,"Leona","w",1
5,"Lisa","w",1
5,"Liv","w",1
5,"Lucy","w",1
5,"Marleen","w",1
5,"Mathilda","w",1
5,"Merle","w",1
5,"Milana","w",1
5,"Nila","w",1
5,"Nina","w",1
5,"Thea","w",1
5,"Zoe","w",1
5,"Ali","m",1
5,"Emilio","m",1
5,"Fritz","m",1
5,"Hamza","m",1
5,"Ilias","m",1
5,"Lars","m",1
5,"Lino","m",1
5,"Luan","m",1
5,"Mateo","m",1
5,"Mats","m",1
5,"Nils","m",1
5,"Rayan","m",1
5,"Samuel","m",1
5,"Till","m",1
5,"Charlotte","w",2
5,"Josefine","w",2
5,"Lina","w",2
5,"Luisa","w",2
5,"Rose","w",2
5,"Andreas","m",2
5,"Felix","m",2
5,"Friedrich","m",2
5,"Henri","m",2
5,"Jonathan","m",2
5,"Josef","m",2
5,"Julian","m",2
5,"Karl","m",2
5,"Leander","m",2
5,"Martin","m",2
5,"Matteo","m",2
5,"Peter","m",2
5,"Theodor","m",2
5,"Vincent","m",2
4,"Aliya","w",1
4,"Antonia","w",1
4,"Carla","w",1
4,"Jule","w",1
4,"Klara","w",1
4,"Layan","w",1
4,"Lilith","w",1
4,"Louisa","w",1
4,"Maja","w",1
4,"Malak","w",1
4,"Marlene","w",1
4,"Miriam","w",1
4,"Nisa","w",1
4,"Olivia","w",1
4,"Victoria","w",1
4,"Alparslan","m",1
4,"Arthur","m",1
4,"Bennet","m",1
4,"Bilal","m",1
4,"Daniel","m",1
4,"Dean","m",1
4,"Fiete","m",1
4,"John","m",1
4,"Karlo","m",1
4,"Lasse","m",1
4,"Lian","m",1
4,"Lias","m",1
4,"Luis","m",1
4,"Marlon","m",1
4,"Marten","m",1
4,"Max","m",1
4,"Mika","m",1
4,"Phil","m",1
4,"Ruben","m",1
4,"Theodor","m",1
4,"Tom","m",1
4,"Lou","w",2
4,"Louise","w",2
4,"Luna","w",2
4,"Magdalena","w",2
4,"Marlene","w",2
4,"Valentina","w",2
4,"Alexandru","m",2
4,"Can","m",2
4,"Christian","m",2
4,"Gabriel","m",2
4,"Henry","m",2
4,"Joseph","m",2
4,"Louis","m",2
4,"Oliver","m",2
3,"Alba","w",1
3,"Alma","w",1
3,"Amalia","w",1
3,"Amelia","w",1
3,"Amilia","w",1
3,"Amina","w",1
3,"Anastasia","w",1
3,"Camille","w",1
3,"Carlie","w",1
3,"Dalia","w",1
3,"Daria","w",1
3,"Edda","w",1
3,"Elif","w",1
3,"Elin","w",1
3,"Elisabeth","w",1
3,"Ellie","w",1
3,"Emilie","w",1
3,"Enola","w",1
3,"Eva","w",1
3,"Fiona","w",1
3,"Frida","w",1
3,"Isabell","w",1
3,"Julia","w",1
3,"Leah","w",1
3,"Lene","w",1
3,"Lilia","w",1
3,"Linda","w",1
3,"Liya","w",1
3,"Liz","w",1
3,"Lynn","w",1
3,"Malou","w",1
3,"Mara","w",1
3,"Mariana","w",1
3,"Mariella","w",1
3,"Martha","w",1
3,"Melek","w",1
3,"Nika","w",1
3,"Pia","w",1
3,"Runa","w",1
3,"Samira","w",1
3,"Talia","w",1
3,"Tilda","w",1
3,"Valerie","w",1
3,"Viktoria","w",1
3,"Yuna","w",1
3,"Zeynep","w",1
3,"Alex","m",1
3,"Alvaro","m",1
3,"Andreas","m",1
3,"Ayan","m",1
3,"Benedikt","m",1
3,"Benno","m",1
3,"Can","m",1
3,"Christian","m",1
3,"Dion","m",1
3,"Eliah","m",1
3,"Elian","m",1
3,"Elyas","m",1
3,"Emad","m",1
3,"Emir","m",1
3,"Ezra","m",1
3,"Ferdinand","m",1
3,"Florian","m",1
3,"Frederick","m",1
3,"Ilay","m",1
3,"Ivan","m",1
3,"Jack","m",1
3,"Janis","m",1
3,"Jano","m",1
3,"Jonte","m",1
3,"Joris","m",1
3,"Josef","m",1
3,"Joshua","m",1
3,"Julian","m",1
3,"Justus","m",1
3,"Kai","m",1
3,"Konrad","m",1
3,"Konstantin","m",1
3,"Lennard","m",1
3,"Lennox","m",1
3,"Leopold","m",1
3,"Levin","m",1
3,"Lewis","m",1
3,"Mathis","m",1
3,"Matthias","m",1
3,"Matti","m",1
3,"Muhammed","m",1
3,"Neo","m",1
3,"Nico","m",1
3,"Noel","m",1
3,"Robin","m",1
3,"Tamo","m",1
3,"Tilo","m",1
3,"Tim","m",1
3,"Younes","m",1
3,"Zayn","m",1
3,"Agnes","w",2
3,"Amalia","w",2
3,"Aurelia","w",2
3,"Eva","w",2
3,"Helena","w",2
3,"Helene","w",2
3,"Isabelle","w",2
3,"May","w",2
3,"Mia","w",2
3,"Nur","w",2
3,"Sara","w",2
3,"Sofie","w",2
3,"Theresa","w",2
3,"Finn","m",2
3,"Georg","m",2
3,"Han","m",2
3,"Hubert","m",2
3,"Ibrahim","m",2
3,"Joel","m",2
3,"Julius","m",2
3,"Klaus","m",2
3,"Luca","m",2
3,"Lukas","m",2
3,"Mattis","m",2
3,"Michael","m",2
3,"Oscar","m",2
3,"Simon","m",2
3,"Theo","m",2
3,"Willem","m",2
3,"Yusuf","m",2
3,"Maria","w",3
3,"Johannes","m",3
2,"Aischa","w",1
2,"Alea","w",1
2,"Alexandra","w",1
2,"Alisa","w",1
2,"Aliyah","w",1
2,"Alva","w",1
2,"Alya","w",1
2,"Amy","w",1
2,"Annabelle","w",1
2,"Aurelia","w",1
2,"Azra","w",1
2,"Beatrice","w",1
2,"Cara","w",1
2,"Celina","w",1
2,"Cleo","w",1
2,"Dua","w",1
2,"Ecrin","w",1
2,"Elda","w",1
2,"Elena","w",1
2,"Elizan","w",1
2,"Elli","w",1
2,"Elsa","w",1
2,"Emelie","w",1
2,"Esila","w",1
2,"Evelyn","w",1
2,"Felia","w",1
2,"Felipa","w",1
2,"Florentine","w",1
2,"Freya","w",1
2,"Gesa","w",1
2,"Hana","w",1
2,"Hazal","w",1
2,"Helen","w",1
2,"Ilayda","w",1
2,"Isabelle","w",1
2,"Jara","w",1
2,"Jasmina","w",1
2,"Joanna","w",1
2,"Jolina","w",1
2,"Jonna","w",1
2,"Karla","w",1
2,"Kira","w",1
2,"Leana","w",1
2,"Leandra","w",1
2,"Leonora","w",1
2,"Leyla","w",1
2,"Liah","w",1
2,"Liana","w",1
2,"Lieselotte","w",1
2,"Liliana","w",1
2,"Liva","w",1
2,"Lou","w",1
2,"Lovis","w",1
2,"Luana","w",1
2,"Maila","w",1
2,"Malin","w",1
2,"Malina","w",1
2,"Marija","w",1
2,"Maryam","w",1
2,"Melissa","w",1
2,"Melody","w",1
2,"Meryem","w",1
2,"Milena","w",1
2,"Naila","w",1
2,"Nala","w",1
2,"Nela","w",1
2,"Noa","w",1
2,"Norah","w",1
2,"Philippa","w",1
2,"Rey","w",1
2,"Rosalie","w",1
2,"Salma","w",1
2,"Sarah","w",1
2,"Sena","w",1
2,"Solin","w",1
2,"Tea","w",1
2,"Tessa","w",1
2,"Yara","w",1
2,"Yasmin","w",1
2,"Yousra","w",1
2,"Zoé","w",1
2,"Zuri","w",1
2,"Ajan","m",1
2,"Alen","m",1
2,"Aram","m",1
2,"Arian","m",1
2,"Armin","m",1
2,"Aurel","m",1
2,"Ayaz","m",1
2,"Bela","m",1
2,"Chris","m",1
2,"Christiano","m",1
2,"Clemens","m",1
2,"Colin","m",1
2,"Damian","m",1
2,"Dominik","m",1
2,"Ediz","m",1
2,"Eduard","m",1
2,"Elijah","m",1
2,"Elio","m",1
2,"Emin","m",1
2,"Fabian","m",1
2,"Fridolin","m",1
2,"Friedrich","m",1
2,"Hasan","m",1
2,"Hugo","m",1
2,"Idris","m",1
2,"Ilian","m",1
2,"Ilija","m",1
2,"Ishaq","m",1
2,"Ismail","m",1
2,"Issa","m",1
2,"Issam","m",1
2,"Jacob","m",1
2,"Jad","m",1
2,"Jamie","m",1
2,"Jannes","m",1
2,"Jannik","m",1
2,"Jannis","m",1
2,"Jasper","m",1
2,"Johannes","m",1
2,"Josha","m",1
2,"Julien","m",1
2,"Kani","m",1
2,"Kerem","m",1
2,"Kjell","m",1
2,"Kroi","m",1
2,"Leander","m",1
2,"Leano","m",1
2,"Lenn","m",1
2,"Lennart","m",1
2,"Lennet","m",1
2,"Lenni","m",1
2,"Lionel","m",1
2,"Mads","m",1
2,"Magnus","m",1
2,"Martin","m",1
2,"Matheo","m",1
2,"Mattis","m",1
2,"Metehan","m",1
2,"Mick","m",1
2,"Mikail","m",1
2,"Mio","m",1
2,"Mo","m",1
2,"Mohamed","m",1
2,"Mouhamed","m",1
2,"Muhammad","m",1
2,"Nael","m",1
2,"Nelio","m",1
2,"Nima","m",1
2,"Nino","m",1
2,"Omar","m",1
2,"Oscar","m",1
2,"Otis","m",1
2,"Peter","m",1
2,"Piet","m",1
2,"Renas","m",1
2,"Rune","m",1
2,"Said","m",1
2,"Sam","m",1
2,"Samu","m",1
2,"Sebastian","m",1
2,"Seyed","m",1
2,"Tamino","m",1
2,"Tarik","m",1
2,"Ties","m",1
2,"Timo","m",1
2,"Tino","m",1
2,"Victor","m",1
2,"Vitus","m",1
2,"Wisdom","m",1
2,"Yousef","m",1
2,"Alba","w",2
2,"Alina","w",2
2,"Amaya","w",2
2,"Antonia","w",2
2,"April","w",2
2,"Carlotta","w",2
2,"Caroline","w",2
2,"Christina","w",2
2,"Elin","w",2
2,"Fatima","w",2
2,"Freya","w",2
2,"Hannah","w",2
2,"Jasmin","w",2
2,"Jolie","w",2
2,"Josephine","w",2
2,"Karlotta","w",2
2,"Karoline","w",2
2,"Laura","w",2
2,"Lea","w",2
2,"Leana","w",2
2,"Lena","w",2
2,"Leni","w",2
2,"Leonie","w",2
2,"Luana","w",2
2,"Malia","w",2
2,"Malou","w",2
2,"Marieke","w",2
2,"Marleen","w",2
2,"Mathea","w",2
2,"Mathilde","w",2
2,"Maya","w",2
2,"Mila","w",2
2,"Paulina","w",2
2,"Pauline","w",2
2,"Rim","w",2
2,"Rosa","w",2
2,"Ruby","w",2
2,"Ruth","w",2
2,"Sarah","w",2
2,"Sofia","w",2
2,"Sultanovna","w",2
2,"Thea","w",2
2,"Viktoria","w",2
2,"Viola","w",2
2,"Abbas","m",2
2,"Aiden","m",2
2,"Albert","m",2
2,"Andre","m",2
2,"Andrei","m",2
2,"Andrew","m",2
2,"Antonio","m",2
2,"Bao","m",2
2,"Benedikt","m",2
2,"Carl","m",2
2,"Chen","m",2
2,"Dean","m",2
2,"Dirk","m",2
2,"Eddin","m",2
2,"Emilian","m",2
2,"Emilio","m",2
2,"Enes","m",2
2,"Erich","m",2
2,"Frederik","m",2
2,"Fritz","m",2
2,"Harald","m",2
2,"Heinrich","m",2
2,"Jasper","m",2
2,"Jochen","m",2
2,"Joél","m",2
2,"Kasimir","m",2
2,"Konstantin","m",2
2,"Leo","m",2
2,"Leonard","m",2
2,"Leonas","m",2
2,"Leopold","m",2
2,"Linus","m",2
2,"Lothar","m",2
2,"Lucas","m",2
2,"Ludwig","m",2
2,"Magnus","m",2
2,"Manfred","m",2
2,"Marcel","m",2
2,"Mats","m",2
2,"Matthias","m",2
2,"Max","m",2
2,"Mika","m",2
2,"Noel","m",2
2,"Oskar","m",2
2,"Otto","m",2
2,"Parker","m",2
2,"Philipp","m",2
2,"Raphael","m",2
2,"Rayan","m",2
2,"Richard","m",2
2,"Sam","m",2
2,"Samuel","m",2
2,"Stefan","m",2
2,"Tom","m",2
2,"Wolfgang","m",2
2,"Zayn","m",2
2,"Elisabeth","w",3
2,"Emilie","w",3
2,"Johanna","w",3
2,"Luise","w",3
2,"Marie","w",3
2,"Pauline","w",3
2,"Sophie","w",3
2,"Yamahtessa","w",3
2,"Alexander","m",3
2,"Emil","m",3
2,"Felix","m",3
2,"Friedrich","m",3
2,"Leo","m",3
2,"Michael","m",3
2,"Nicolas","m",3
2,"Werner","m",3
2,"Wilhelm","m",3
1,"Aaila","w",1
1,"Aalia","w",1
1,"Aaliyah","w",1
1,"Aaradhya","w",1
1,"Aarvi","w",1
1,"Aarvina","w",1
1,"Adela","w",1
1,"Adelina","w",1
1,"Adiva","w",1
1,"Agamagizhdhini","w",1
1,"Agatha","w",1
1,"Agna","w",1
1,"Agnes","w",1
1,"Ahsen","w",1
1,"Aida","w",1
1,"Aiza","w",1
1,"Ajlin","w",1
1,"Alena","w",1
1,"Alexis","w",1
1,"Aliana-Finnia","w",1
1,"Alice","w",1
1,"Alix","w",1
1,"Aliyah-Mira","w",1
1,"Allegra","w",1
1,"Alwina","w",1
1,"Alycia-Thea","w",1
1,"Amalija","w",1
1,"Amanda","w",1
1,"Amaris","w",1
1,"Amaya","w",1
1,"Amna","w",1
1,"Amra","w",1
1,"Amélie","w",1
1,"Ana","w",1
1,"Anaika","w",1
1,"Anais","w",1
1,"Anastazja","w",1
1,"Andia","w",1
1,"Aneliya","w",1
1,"Angel","w",1
1,"Angelina","w",1
1,"Angle","w",1
1,"Anica","w",1
1,"Anika","w",1
1,"Annamaria","w",1
1,"Anne","w",1
1,"Annemarie","w",1
1,"Anni","w",1
1,"Annika","w",1
1,"Anny","w",1
1,"April","w",1
1,"Arabella","w",1
1,"Arijana","w",1
1,"Arsema","w",1
1,"Arwa","w",1
1,"Arya","w",1
1,"Aseel","w",1
1,"Asel","w",1
1,"Asena","w",1
1,"Ashley-Savannah","w",1
1,"Asia","w",1
1,"Asil","w",1
1,"Asra","w",1
1,"Assiya","w",1
1,"Asya","w",1
1,"Ata","w",1
1,"Athina","w",1
1,"Athéna","w",1
1,"Aurora-Maria","w",1
1,"Aurora","w",1
1,"Avielle","w",1
1,"Avni","w",1
1,"Ayah","w",1
1,"Ayda","w",1
1,"Ayla","w",1
1,"Aylin","w",1
1,"Ayra","w",1
1,"Aysun","w",1
1,"Ayzel","w",1
1,"Ayşe","w",1
1,"Azize","w",1
1,"Baria","w",1
1,"Bea","w",1
1,"Beatriz","w",1
1,"Belen","w",1
1,"Bella","w",1
1,"Berin","w",1
1,"Berya","w",1
1,"Betül","w",1
1,"Bhgte","w",1
1,"Bilsan","w",1
1,"Blean","w",1
1,"Bora","w",1
1,"Caja","w",1
1,"Canan","w",1
1,"Carolin","w",1
1,"Carolina","w",1
1,"Catalina","w",1
1,"Celia","w",1
1,"Celin","w",1
1,"Celya","w",1
1,"Chams","w",1
1,"Chana","w",1
1,"Charly","w",1
1,"Chayenne","w",1
1,"Chidera","w",1
1,"Chloe","w",1
1,"Chloé","w",1
1,"Christabel","w",1
1,"Christiana","w",1
1,"Christina","w",1
1,"Claire","w",1
1,"Clarissa","w",1
1,"Clea","w",1
1,"Constanze","w",1
1,"Cornelia","w",1
1,"Cäcilia","w",1
1,"Céline","w",1
1,"Dalina","w",1
1,"Daniela","w",1
1,"Danijela","w",1
1,"Darina","w",1
1,"Dayana","w",1
1,"Dela","w",1
1,"Delsa","w",1
1,"Demi-Eline","w",1
1,"Diana","w",1
1,"Dijana","w",1
1,"Dijara","w",1
1,"Dilan","w",1
1,"Dilara","w",1
1,"Dilay","w",1
1,"Dilyana","w",1
1,"Dinna","w",1
1,"Diylan","w",1
1,"Duope","w",1
1,"Dyazambi","w",1
1,"Dylana","w",1
1,"Dünya","w",1
1,"Džejla","w",1
1,"Edanur","w",1
1,"Edelawit","w",1
1,"Ekatarina","w",1
1,"Ela","w",1
1,"Elaf","w",1
1,"Elaine","w",1
1,"Elea","w",1
1,"Eleanor","w",1
1,"Eleonora","w",1
1,"Eleonore","w",1
1,"Eleyna","w",1
1,"Elia","w",1
1,"Eliaa","w",1
1,"Eliana","w",1
1,"Elida","w",1
1,"Elikya","w",1
1,"Eline","w",1
1,"Elise","w",1
1,"Eliska","w",1
1,"Elissa","w",1
1,"Eliz","w",1
1,"Eliza","w",1
1,"Ellen","w",1
1,"Ellena","w",1
1,"Elodie","w",1
1,"Elyssia","w",1
1,"Eléana","w",1
1,"Emma-Sophie","w",1
1,"Emmi","w",1
1,"Ena","w",1
1,"Enna","w",1
1,"Enya","w",1
1,"Erin","w",1
1,"Erva","w",1
1,"Eshal","w",1
1,"Eslina","w",1
1,"Esra","w",1
1,"Esraa","w",1
1,"Estelle","w",1
1,"Esther","w",1
1,"Esti","w",1
1,"Estir","w",1
1,"Eva-Maria","w",1
1,"Eyra","w",1
1,"Fairuz","w",1
1,"Farah","w",1
1,"Fatima","w",1
1,"Fatoumata","w",1
1,"Feelija","w",1
1,"Felicia","w",1
1,"Felida","w",1
1,"Feride","w",1
1,"Feryal","w",1
1,"Filippa","w",1
1,"Fine","w",1
1,"Finia","w",1
1,"Finya","w",1
1,"Fleur","w",1
1,"Florentina","w",1
1,"Frea","w",1
1,"Friederike","w",1
1,"Féline","w",1
1,"Gamze","w",1
1,"Georgia","w",1
1,"Gianna","w",1
1,"Gizem","w",1
1,"Grace","w",1
1,"Gwen","w",1
1,"Güneş","w",1
1,"Hadi","w",1
1,"Hadiya","w",1
1,"Hailey","w",1
1,"Haley","w",1
1,"Hanis","w",1
1,"Hanne","w",1
1,"Harea","w",1
1,"Hatice","w",1
1,"Haya","w",1
1,"Hedda","w",1
1,"Hedi","w",1
1,"Hediye","w",1
1,"Henni","w",1
1,"Henrike","w",1
1,"Hermine","w",1
1,"Hevi","w",1
1,"Hiba","w",1
1,"Hilda","w",1
1,"Hooria","w",1
1,"Hope","w",1
1,"Ida-Marie","w",1
1,"Ileya","w",1
1,"Ina","w",1
1,"Inas","w",1
1,"Inayah","w",1
1,"Inayla","w",1
1,"Inga","w",1
1,"Ingrid","w",1
1,"Iris","w",1
1,"Irya","w",1
1,"Isabel","w",1
1,"Ishal","w",1
1,"Ivana","w",1
1,"Ixchel","w",1
1,"Jamyla","w",1
1,"Jane","w",1
1,"Jannah","w",1
1,"Janne","w",1
1,"Jasmin","w",1
1,"Jemima","w",1
1,"Jette","w",1
1,"Jinhe","w",1
1,"Johanne","w",1
1,"Jolanda","w",1
1,"Joleen","w",1
1,"Jolie","w",1
1,"Jorianna","w",1
1,"Josefiene","w",1
1,"Josephine","w",1
1,"Joséphine","w",1
1,"Jovana","w",1
1,"Joy","w",1
1,"Joyce","w",1
1,"Judith","w",1
1,"Juli","w",1
1,"Juliane","w",1
1,"Julie","w",1
1,"Juliette","w",1
1,"Julina","w",1
1,"Kairi","w",1
1,"Kalea","w",1
1,"Kalyani","w",1
1,"Kamilia","w",1
1,"Kany","w",1
1,"Kardelen","w",1
1,"Kataleya","w",1
1,"Katja","w",1
1,"Katrin","w",1
1,"Kaya","w",1
1,"Kayla","w",1
1,"Keti","w",1
1,"Kevser","w",1
1,"Kiara","w",1
1,"Kim","w",1
1,"Kinga","w",1
1,"Klara-Franziska","w",1
1,"Klára","w",1
1,"Kristina","w",1
1,"Kylie","w",1
1,"Laetitia","w",1
1,"Laia","w",1
1,"Lajla","w",1
1,"Lamiya","w",1
1,"Lamma","w",1
1,"Lana","w",1
1,"Lara-Emily","w",1
1,"Larissa","w",1
1,"Layana","w",1
1,"Layla","w",1
1,"Layna","w",1
1,"Leen","w",1
1,"Leia","w",1
1,"Leila","w",1
1,"Lejla","w",1
1,"Lelas","w",1
1,"Lelia","w",1
1,"Leoni","w",1
1,"Leonore","w",1
1,"Leticia","w",1
1,"Letty","w",1
1,"Levia","w",1
1,"Liara","w",1
1,"Lidya","w",1
1,"Lieke","w",1
1,"Lillian","w",1
1,"Lilliana","w",1
1,"Lillith","w",1
1,"Lilly-Ann","w",1
1,"Lillybelle","w",1
1,"Lilya","w",1
1,"Lina-Marie","w",1
1,"Lingyue","w",1
1,"Lisa-Marie","w",1
1,"Liselotte","w",1
1,"Lisha","w",1
1,"Livia","w",1
1,"Livija","w",1
1,"Liwia","w",1
1,"Liyah","w",1
1,"Liyanur","w",1
1,"Loany","w",1
1,"Loni","w",1
1,"Lorena","w",1
1,"Loresa","w",1
1,"Lotte","w",1
1,"Lotti","w",1
1,"Louise","w",1
1,"Lua","w",1
1,"Luciana","w",1
1,"Luiza","w",1
1,"Lumba","w",1
1,"Luzia","w",1
1,"Lydia","w",1
1,"Léana","w",1
1,"Léonie","w",1
1,"Maddison","w",1
1,"Madita","w",1
1,"Magdalena","w",1
1,"Maia","w",1
1,"Mailin","w",1
1,"Maira","w",1
1,"Majvi","w",1
1,"Makeda","w",1
1,"Malea","w",1
1,"Malena","w",1
1,"Malia","w",1
1,"Malu","w",1
1,"Mamafilany","w",1
1,"Mamakagbe","w",1
1,"Mamaïssata","w",1
1,"Mareike","w",1
1,"Marie-Ann","w",1
1,"Marie-Louise","w",1
1,"Marina","w",1
1,"Marle","w",1
1,"Marlen","w",1
1,"Marlena","w",1
1,"Marta","w",1
1,"Masal","w",1
1,"Mathea","w",1
1,"Mattie","w",1
1,"Mavisu","w",1
1,"Maya-Sofia","w",1
1,"Maylee","w",1
1,"Mayra","w",1
1,"Maysa-Maliya","w",1
1,"Mayvis","w",1
1,"Maëlys","w",1
1,"Medina","w",1
1,"Mehtap","w",1
1,"Meike","w",1
1,"Melat","w",1
1,"Melia","w",1
1,"Melianna","w",1
1,"Melisa","w",1
1,"Meliya","w",1
1,"Mera","w",1
1,"Meral","w",1
1,"Meriem","w",1
1,"Merit","w",1
1,"Merjem","w",1
1,"Meva","w",1
1,"Mia-Lynn","w",1
1,"Mia-Sophie","w",1
1,"Mihra","w",1
1,"Milayne","w",1
1,"Milla","w",1
1,"Mina-Josephine","w",1
1,"Minel","w",1
1,"Minodora","w",1
1,"Miracle","w",1
1,"Mirai","w",1
1,"Miraslava","w",1
1,"Mirna","w",1
1,"Mithila","w",1
1,"Monika","w",1
1,"Muizzah","w",1
1,"Muna","w",1
1,"Munachiso","w",1
1,"Muniish","w",1
1,"My-Lan","w",1
1,"Myriam","w",1
1,"Mùthoni","w",1
1,"Müşerref","w",1
1,"Nadia","w",1
1,"Nadine","w",1
1,"Nadja","w",1
1,"Naira","w",1
1,"Naisha","w",1
1,"Naleya","w",1
1,"Naomi","w",1
1,"Nara","w",1
1,"Nasriin","w",1
1,"Natalia","w",1
1,"Natalie","w",1
1,"Nazdar","w",1
1,"Ndeye","w",1
1,"Neele","w",1
1,"Nelia","w",1
1,"Nellie","w",1
1,"Nena","w",1
1,"Neyla","w",1
1,"Ngamandzi","w",1
1,"Ngọc","w",1
1,"Nia","w",1
1,"Nicole","w",1
1,"Niharika","w",1
1,"Nihira","w",1
1,"Nikola","w",1
1,"Noemi","w",1
1,"Nola","w",1
1,"Noora","w",1
1,"Nouf","w",1
1,"Nova","w",1
1,"Ogochukwu","w",1
1,"Oona","w",1
1,"Ophelia","w",1
1,"Pauline","w",1
1,"Pelda","w",1
1,"Pelin","w",1
1,"Penelope","w",1
1,"Philia","w",1
1,"Pippa","w",1
1,"Polly","w",1
1,"Pougnere","w",1
1,"Prisha","w",1
1,"Purity","w",1
1,"Qingyun","w",1
1,"Radnya","w",1
1,"Rafaela","w",1
1,"Raheema","w",1
1,"Rahel","w",1
1,"Raija","w",1
1,"Rana","w",1
1,"Raquel","w",1
1,"Rayna","w",1
1,"Regina","w",1
1,"Reyyan","w",1
1,"Rhita","w",1
1,"Ria","w",1
1,"Riana","w",1
1,"Rida","w",1
1,"Rieke","w",1
1,"Riem","w",1
1,"Rihana","w",1
1,"Ritaj","w",1
1,"Rosa-Marie","w",1
1,"Rosie","w",1
1,"Roya","w",1
1,"Ruby","w",1
1,"Rumesa","w",1
1,"Rüya","w",1
1,"Sabina","w",1
1,"Safija","w",1
1,"Sahasra","w",1
1,"Sandrina","w",1
1,"Sanna","w",1
1,"Sanya","w",1
1,"Sapna","w",1
1,"Savina","w",1
1,"Selin","w",1
1,"Selina","w",1
1,"Selma","w",1
1,"Shahrazad","w",1
1,"Shams","w",1
1,"Sharvika","w",1
1,"Shawafa","w",1
1,"Sherliza","w",1
1,"Shilan","w",1
1,"Siara","w",1
1,"Sila","w",1
1,"Silja","w",1
1,"Silvana","w",1
1,"Sima","w",1
1,"Sina","w",1
1,"Sirin","w",1
1,"Skadie","w",1
1,"Smilla","w",1
1,"Soley","w",1
1,"Soléa","w",1
1,"Sophia-Joana","w",1
1,"Soraya","w",1
1,"Soukaina","w",1
1,"Soé","w",1
1,"Stela","w",1
1,"Stephanie","w",1
1,"Suhejla","w",1
1,"Sumayya","w",1
1,"Sumeja","w",1
1,"Svea","w",1
1,"Szelia","w",1
1,"Tabea","w",1
1,"Tamara","w",1
1,"Tamina","w",1
1,"Taparak","w",1
1,"Tasnim","w",1
1,"Teli","w",1
1,"Tessnim","w",1
1,"Teyana","w",1
1,"Thaddea","w",1
1,"Theodora","w",1
1,"Thilda","w",1
1,"Tia","w",1
1,"Tialee","w",1
1,"Tiana","w",1
1,"Timeea","w",1
1,"Toleen","w",1
1,"Tomris","w",1
1,"Tuana","w",1
1,"Umaiza","w",1
1,"Valeria","w",1
1,"Vanessa","w",1
1,"Varnika","w",1
1,"Vera","w",1
1,"Veranica","w",1
1,"Veronika","w",1
1,"Vinar","w",1
1,"Viola","w",1
1,"Vivien","w",1
1,"Wafa","w",1
1,"Yade","w",1
1,"Yasemin","w",1
1,"Yassmin","w",1
1,"Ye","w",1
1,"Ylva","w",1
1,"Yumna","w",1
1,"Zahra","w",1
1,"Zaia","w",1
1,"Zara","w",1
1,"Zehra","w",1
1,"Zerya","w",1
1,"Zevin","w",1
1,"Zimal","w",1
1,"Zita","w",1
1,"Zoey","w",1
1,"Zofia","w",1
1,"Zoraya","w",1
1,"Zuzanna","w",1
1,"Zöhre","w",1
1,"Zümra","w",1
1,"Änne","w",1
1,"Abbas","m",1
1,"Abdallah","m",1
1,"Abdulaleem","m",1
1,"Abdullah","m",1
1,"Abdulmatin","m",1
1,"Abel","m",1
1,"Aboubacary","m",1
1,"Abu","m",1
1,"Adem","m",1
1,"Adonis","m",1
1,"Ahilan","m",1
1,"Ahmed","m",1
1,"Ahmet","m",1
1,"Alejandro-Mourice","m",1
1,"Aleksa","m",1
1,"Aleksej","m",1
1,"Alessandro","m",1
1,"Alfonso","m",1
1,"Alim","m",1
1,"Almuntasir","m",1
1,"Almutasim","m",1
1,"Altayeb","m",1
1,"Amant","m",1
1,"Amar","m",1
1,"Amarou","m",1
1,"Ameer","m",1
1,"Andrei","m",1
1,"André","m",1
1,"Andy","m",1
1,"Anthony","m",1
1,"Antoni","m",1
1,"Anwit","m",1
1,"Apojan","m",1
1,"Aran","m",1
1,"Aransh","m",1
1,"Arbnor","m",1
1,"Ardian","m",1
1,"Aren","m",1
1,"Ares-Matthias","m",1
1,"Ari","m",1
1,"Arik","m",1
1,"Arjan","m",1
1,"Armando","m",1
1,"Arne","m",1
1,"Artiom","m",1
1,"Arvid","m",1
1,"Arya","m",1
1,"Aryos","m",1
1,"Asher","m",1
1,"Asoh","m",1
1,"Atif","m",1
1,"August","m",1
1,"Augustin","m",1
1,"Aurelio","m",1
1,"Avend","m",1
1,"Avriel","m",1
1,"Ayden","m",1
1,"Ayman","m",1
1,"Ayoub","m",1
1,"Azad","m",1
1,"Azan","m",1
1,"Baran","m",1
1,"Barış","m",1
1,"Bas","m",1
1,"Basil","m",1
1,"Bastian","m",1
1,"Batu","m",1
1,"Bayezid","m",1
1,"Benedict","m",1
1,"Beniamin","m",1
1,"Berkay","m",1
1,"Berkhayat","m",1
1,"Beshr","m",1
1,"Bijan","m",1
1,"Björn","m",1
1,"Bruno","m",1
1,"Cain","m",1
1,"Camillo","m",1
1,"Cassian","m",1
1,"Chibuzor","m",1
1,"Claas","m",1
1,"Connor","m",1
1,"Conor","m",1
1,"Cosmo","m",1
1,"Cüneyt","m",1
1,"Dahlio","m",1
1,"Daljan","m",1
1,"Damian-George","m",1
1,"Damin","m",1
1,"Daniar","m",1
1,"Danilo","m",1
1,"Danny-Dean","m",1
1,"Darius","m",1
1,"Dawen","m",1
1,"Dawid","m",1
1,"Daymon","m",1
1,"Delian","m",1
1,"Devin","m",1
1,"Dilcan","m",1
1,"Dimal","m",1
1,"Djuliano","m",1
1,"Dogukan","m",1
1,"Dominic","m",1
1,"Dominick","m",1
1,"Doğukan","m",1
1,"Duy","m",1
1,"Dyce","m",1
1,"Ebubekir","m",1
1,"Edam","m",1
1,"Eddie","m",1
1,"Eden","m",1
1,"Edin","m",1
1,"Edis-Alp","m",1
1,"Egor","m",1
1,"Elia","m",1
1,"Elias-Alaric","m",1
1,"Elija","m",1
1,"Elijano","m",1
1,"Eliya","m",1
1,"Elliot","m",1
1,"Elyesa","m",1
1,"Emilijan","m",1
1,"Emliyan","m",1
1,"Emre","m",1
1,"Enzo","m",1
1,"Eric","m",1
1,"Ermiya","m",1
1,"Eseosa","m",1
1,"Eymen","m",1
1,"Eyram","m",1
1,"Eyüp","m",1
1,"Fabio","m",1
1,"Fabrice","m",1
1,"Faisal","m",1
1,"Falco","m",1
1,"Fenris","m",1
1,"Filip","m",1
1,"Filippo","m",1
1,"Finn-Luca","m",1
1,"Fino","m",1
1,"Flori","m",1
1,"Flynn","m",1
1,"Francesco","m",1
1,"Franz","m",1
1,"Fred","m",1
1,"Fredrick","m",1
1,"Georg","m",1
1,"George","m",1
1,"Georgios","m",1
1,"Ghali","m",1
1,"Giorgi-Gabriel","m",1
1,"Giulio","m",1
1,"Gorden","m",1
1,"Gordon","m",1
1,"Gosifenna","m",1
1,"Gustav","m",1
1,"Güney","m",1
1,"Habib","m",1
1,"Haider","m",1
1,"Haio","m",1
1,"Hanrui","m",1
1,"Happiness","m",1
1,"Harrison","m",1
1,"Harun","m",1
1,"Hasancan","m",1
1,"Hassan","m",1
1,"Hiyan","m",1
1,"Hüseyin","m",1
1,"Hızır","m",1
1,"Ian","m",1
1,"Ibraheem","m",1
1,"Ibrahim","m",1
1,"Ilan","m",1
1,"Ilyas","m",1
1,"Imano-Miran","m",1
1,"Indy","m",1
1,"Ioan","m",1
1,"Ioannis","m",1
1,"Isaiah-Ngambelo","m",1
1,"Ishak","m",1
1,"Israel","m",1
1,"Ivar","m",1
1,"Ivica","m",1
1,"Izaac","m",1
1,"İan","m",1
1,"Jakub","m",1
1,"Jamal","m",1
1,"Jannick","m",1
1,"Jarmo","m",1
1,"Jaro","m",1
1,"Jaron","m",1
1,"Jax","m",1
1,"Jeamy","m",1
1,"Jeffrey","m",1
1,"Jensen","m",1
1,"Jeppe","m",1
1,"Jeremiah","m",1
1,"Jiheng","m",1
1,"Jiyan","m",1
1,"Jodokus","m",1
1,"Joel","m",1
1,"Johan","m",1
1,"Jon","m",1
1,"Jonne","m",1
1,"Jonni","m",1
1,"Jori","m",1
1,"Joschua","m",1
1,"Jovin","m",1
1,"Jubayr","m",1
1,"Jun","m",1
1,"Junaid","m",1
1,"Junior","m",1
1,"Juri","m",1
1,"Justin","m",1
1,"Kaan","m",1
1,"Kacper","m",1
1,"Kalemie","m",1
1,"Kalilou","m",1
1,"Kamil","m",1
1,"Karim","m",1
1,"Kasim","m",1
1,"Kassim","m",1
1,"Kauri","m",1
1,"Kayan","m",1
1,"Keanu","m",1
1,"Keilor","m",1
1,"Kenael","m",1
1,"Kenshi","m",1
1,"Kenzo","m",1
1,"Keyan","m",1
1,"Kinan","m",1
1,"Kirill","m",1
1,"Klaas","m",1
1,"Konart","m",1
1,"Koni","m",1
1,"Konstantinos","m",1
1,"Kratos","m",1
1,"Larsson","m",1
1,"Laurence","m",1
1,"Laurin","m",1
1,"Leandro","m",1
1,"Leart","m",1
1,"Leh","m",1
1,"Lejs","m",1
1,"Len","m",1
1,"Lenneth","m",1
1,"Lenny","m",1
1,"Leonardo","m",1
1,"Leonel","m",1
1,"Leonhard","m",1
1,"Leonidas","m",1
1,"Leroy","m",1
1,"Levante","m",1
1,"Lewend","m",1
1,"Lewin","m",1
1,"Liam-Isaiah","m",1
1,"Liandré","m",1
1,"Lion","m",1
1,"Liopold","m",1
1,"Lissander","m",1
1,"Liu","m",1
1,"Liva","m",1
1,"Loan","m",1
1,"Loki","m",1
1,"Lonan","m",1
1,"Lorenz","m",1
1,"Lou","m",1
1,"Louie","m",1
1,"Lounès","m",1
1,"Lucian","m",1
1,"Ludwig","m",1
1,"Luka","m",1
1,"Lukash","m",1
1,"Lukáš","m",1
1,"Luqman","m",1
1,"Lyas","m",1
1,"Maddox","m",1
1,"Mahmut","m",1
1,"Makar","m",1
1,"Malek","m",1
1,"Maleo","m",1
1,"Malik-Mohamed","m",1
1,"Mansur","m",1
1,"Manuel","m",1
1,"Marcel","m",1
1,"Marcellus","m",1
1,"Marian","m",1
1,"Mariem","m",1
1,"Marijano","m",1
1,"Mario","m",1
1,"Mark","m",1
1,"Marko","m",1
1,"Markus","m",1
1,"Marlio","m",1
1,"Marlo","m",1
1,"Maro","m",1
1,"Mason","m",1
1,"Masroor","m",1
1,"Massimo","m",1
1,"Mattheo","m",1
1,"Matthis","m",1
1,"Matts","m",1
1,"Maté","m",1
1,"Maximilan","m",1
1,"Maël","m",1
1,"Melih","m",1
1,"Meo","m",1
1,"Mert","m",1
1,"Mervin","m",1
1,"Merxas","m",1
1,"Messam","m",1
1,"Mete","m",1
1,"Michael","m",1
1,"Michel","m",1
1,"Mikele","m",1
1,"Mikhail","m",1
1,"Mikkel","m",1
1,"Milas","m",1
1,"Mimoun","m",1
1,"Mino","m",1
1,"Miran-Can","m",1
1,"Mirazimullah","m",1
1,"Miraç","m",1
1,"Miron","m",1
1,"Miroslaw","m",1
1,"Mitan","m",1
1,"Mohamad","m",1
1,"Mubin","m",1
1,"Muhamed","m",1
1,"Munir","m",1
1,"Mustafa","m",1
1,"Mylan","m",1
1,"Nahom","m",1
1,"Namir","m",1
1,"Nasri","m",1
1,"Natanael","m",1
1,"Nathan","m",1
1,"Navid","m",1
1,"Nawid","m",1
1,"Nayel","m",1
1,"Neel","m",1
1,"Nemanja","m",1
1,"Nero","m",1
1,"Nic","m",1
1,"Niclas","m",1
1,"Nicolas","m",1
1,"Nihan","m",1
1,"Nihir","m",1
1,"Nik","m",1
1,"Nikas","m",1
1,"Nikita","m",1
1,"Nikola","m",1
1,"Nikolaj","m",1
1,"Nikolaos","m",1
1,"Nishan","m",1
1,"Noan","m",1
1,"Noël","m",1
1,"Ognyan","m",1
1,"Olaf","m",1
1,"Ole","m",1
1,"Oliar","m",1
1,"Osman","m",1
1,"Ozan","m",1
1,"Pablo","m",1
1,"Paris","m",1
1,"Pascal","m",1
1,"Patrice","m",1
1,"Peer","m",1
1,"Philian","m",1
1,"Philip","m",1
1,"Piar","m",1
1,"Pino","m",1
1,"Péha","m",1
1,"Quinten","m",1
1,"Quirin","m",1
1,"Rafael","m",1
1,"Ragnar","m",1
1,"Raman","m",1
1,"Ramazan","m",1
1,"Rami","m",1
1,"Raphael","m",1
1,"Rareș","m",1
1,"Refik","m",1
1,"René","m",1
1,"Reyansh","m",1
1,"Richard","m",1
1,"Riyad","m",1
1,"Rizgar","m",1
1,"Robbert","m",1
1,"Rohan","m",1
1,"Roman","m",1
1,"Rron","m",1
1,"Rufat","m",1
1,"Rumen","m",1
1,"Ryan","m",1
1,"Sajfullah","m",1
1,"Salah","m",1
1,"Saman","m",1
1,"Sami","m",1
1,"Samir","m",1
1,"Sammy","m",1
1,"Samuele","m",1
1,"Samvel","m",1
1,"Sanad","m",1
1,"Sarkhabon","m",1
1,"Schechmus","m",1
1,"Selim","m",1
1,"Selimhan","m",1
1,"Sergen","m",1
1,"Serhat","m",1
1,"Seyyid","m",1
1,"Shahm","m",1
1,"Shaho","m",1
1,"Shahram","m",1
1,"Shian","m",1
1,"Shravan","m",1
1,"Silas","m",1
1,"Simeon","m",1
1,"Sinan-Leif","m",1
1,"Sitki","m",1
1,"Slavoljub","m",1
1,"Solo","m",1
1,"Spiridon","m",1
1,"Spiros","m",1
1,"Stanislav","m",1
1,"Stanisław","m",1
1,"Stony","m",1
1,"Suleiman","m",1
1,"Sékou","m",1
1,"Sıraç","m",1
1,"Taim","m",1
1,"Taimoor","m",1
1,"Taio","m",1
1,"Tarek","m",1
1,"Tarje","m",1
1,"Teym","m",1
1,"Thien","m",1
1,"Thies","m",1
1,"Thomas","m",1
1,"Thore","m",1
1,"Thormund","m",1
1,"Thành","m",1
1,"Théo","m",1
1,"Tijl","m",1
1,"Til","m",1
1,"Timoleon","m",1
1,"Timon","m",1
1,"Timotej","m",1
1,"Tommy","m",1
1,"Tuan","m",1
1,"Valerij","m",1
1,"Vasilios","m",1
1,"Vefa","m",1
1,"Velimir","m",1
1,"Vince","m",1
1,"Vinzent","m",1
1,"Vito","m",1
1,"Wanja","m",1
1,"Wany","m",1
1,"Welat","m",1
1,"Wilhelm","m",1
1,"Willem","m",1
1,"William","m",1
1,"Wolfgang","m",1
1,"Wudi","m",1
1,"Wunpini","m",1
1,"Xin-Ping","m",1
1,"Yagiz","m",1
1,"Yahya","m",1
1,"Yakup","m",1
1,"Yaman","m",1
1,"Yanis","m",1
1,"Yaser","m",1
1,"Yasin","m",1
1,"Yassin","m",1
1,"Yaşar","m",1
1,"Yibai","m",1
1,"Yigit","m",1
1,"Yiğit","m",1
1,"Yohan","m",1
1,"Yosyas","m",1
1,"Youssef","m",1
1,"Yusuf","m",1
1,"Yvael","m",1
1,"Yücel","m",1
1,"Zaid","m",1
1,"Zain","m",1
1,"Zaineddin","m",1
1,"Zanon","m",1
1,"Zedat","m",1
1,"Zeyad","m",1
1,"Zeyd","m",1
1,"Ziya","m",1
1,"Ábel","m",1
1,"Álvaro","m",1
1,"Ömer","m",1
1,"Ștefan","m",1
1,"Abieyuwa","w",2
1,"Ada","w",2
1,"Adele","w",2
1,"Ahmed","w",2
1,"Aisha","w",2
1,"Albenova","w",2
1,"Aleksandrova","w",2
1,"Alessandra","w",2
1,"Alexis","w",2
1,"Ali","w",2
1,"Alice","w",2
1,"Alicia","w",2
1,"Alva","w",2
1,"Amelia","w",2
1,"Amira","w",2
1,"Amour","w",2
1,"Amélie","w",2
1,"Anahid","w",2
1,"Andia","w",2
1,"Andrea","w",2
1,"Aneni","w",2
1,"Anita","w",2
1,"Anmol","w",2
1,"Annika","w",2
1,"Anwen","w",2
1,"Arizona","w",2
1,"Atanaskova","w",2
1,"Auguste","w",2
1,"Aurora","w",2
1,"Aurélie","w",2
1,"Ava","w",2
1,"Ayla","w",2
1,"Aylin","w",2
1,"Aziz","w",2
1,"Barbara","w",2
1,"Bethesda","w",2
1,"Bhavesh","w",2
1,"Bianca","w",2
1,"Bilguissa","w",2
1,"Binta","w",2
1,"Birgit","w",2
1,"Carmen","w",2
1,"Carolina","w",2
1,"Cataleya","w",2
1,"Catalina","w",2
1,"Catharina","w",2
1,"Charlie","w",2
1,"Charlotta","w",2
1,"Chenyi","w",2
1,"Chiara","w",2
1,"Chloé","w",2
1,"Claire","w",2
1,"Clara","w",2
1,"Cleo","w",2
1,"Cloé","w",2
1,"Corfina","w",2
1,"Corinna","w",2
1,"Cäcilia","w",2
1,"Cédrine","w",2
1,"Dahlia","w",2
1,"Dalan","w",2
1,"Dam","w",2
1,"Daniella","w",2
1,"Destiny","w",2
1,"Diane","w",2
1,"Donna","w",2
1,"Dorothea","w",2
1,"Dorothée","w",2
1,"Dua","w",2
1,"Duaa","w",2
1,"Dzhanerova","w",2
1,"Dzhevadova","w",2
1,"Dünya","w",2
1,"Edda","w",2
1,"Efua","w",2
1,"Elayla","w",2
1,"Elektra","w",2
1,"Eleonora","w",2
1,"Elfriede","w",2
1,"Elgun","w",2
1,"Elia","w",2
1,"Eliane","w",2
1,"Elif","w",2
1,"Elina","w",2
1,"Eline","w",2
1,"Elise","w",2
1,"Ellie","w",2
1,"Elonga","w",2
1,"Eloé","w",2
1,"Elsa","w",2
1,"Emelie","w",2
1,"Emilova","w",2
1,"Emmi","w",2
1,"Emmy","w",2
1,"Erika","w",2
1,"Erin","w",2
1,"Esmé","w",2
1,"Evelina","w",2
1,"Evîn","w",2
1,"Eylül","w",2
1,"Fatou","w",2
1,"Fee","w",2
1,"Felicia","w",2
1,"Feline","w",2
1,"Fey","w",2
1,"Filipova","w",2
1,"Fiona","w",2
1,"Florence","w",2
1,"Florentine","w",2
1,"Franziska","w",2
1,"Freyja","w",2
1,"Frida","w",2
1,"Gabriela","w",2
1,"Gerda","w",2
1,"Gertrud","w",2
1,"Gesa","w",2
1,"Grace","w",2
1,"Greater","w",2
1,"Habibeh","w",2
1,"Hanna","w",2
1,"Hayal","w",2
1,"Hayriye","w",2
1,"Hazel","w",2
1,"Heidi","w",2
1,"Hiba","w",2
1,"Hilda","w",2
1,"Hilde","w",2
1,"Hildegard","w",2
1,"Hilla","w",2
1,"Hoa","w",2
1,"Hope","w",2
1,"Hristinova","w",2
1,"Hristova","w",2
1,"Hân","w",2
1,"Ievgen'evna","w",2
1,"Ikra","w",2
1,"Ilayda","w",2
1,"Ilyana","w",2
1,"Imane","w",2
1,"Irene","w",2
1,"Isabella","w",2
1,"Janiyah","w",2
1,"Jaqueline","w",2
1,"Jaroslava","w",2
1,"Jessica","w",2
1,"Johanne","w",2
1,"Joline","w",2
1,"Jorid","w",2
1,"Josephina","w",2
1,"Juanna","w",2
1,"Judith","w",2
1,"Julia","w",2
1,"Julie","w",2
1,"Jutta","w",2
1,"Kaia","w",2
1,"Kailash","w",2
1,"Karin","w",2
1,"Karolina","w",2
1,"Katarína","w",2
1,"Kate","w",2
1,"Katja","w",2
1,"Kenza","w",2
1,"Kimya","w",2
1,"Klara","w",2
1,"Kossiwah","w",2
1,"Kristin","w",2
1,"Käthe","w",2
1,"Laila","w",2
1,"Lara","w",2
1,"Leah","w",2
1,"Leonor","w",2
1,"Leyla","w",2
1,"Lianaovna","w",2
1,"Liliana","w",2
1,"Lilli","w",2
1,"Lily","w",2
1,"Linnea","w",2
1,"Liora","w",2
1,"Lisa","w",2
1,"Liya","w",2
1,"Loni","w",2
1,"Loreen","w",2
1,"Lotta","w",2
1,"Lotte","w",2
1,"Lovis","w",2
1,"Lucretia","w",2
1,"Luzia","w",2
1,"Lydia","w",2
1,"Lynn","w",2
1,"Lívia","w",2
1,"Mahdi","w",2
1,"Mai","w",2
1,"Maja","w",2
1,"Malea","w",2
1,"Maleen","w",2
1,"Malie","w",2
1,"Malin","w",2
1,"Malu","w",2
1,"Manouk","w",2
1,"Marcella","w",2
1,"Maria-Nathalia","w",2
1,"Mariel","w",2
1,"Marijana","w",2
1,"Marina","w",2
1,"Marlen","w",2
1,"Martina","w",2
1,"Matilda","w",2
1,"Mavi","w",2
1,"Mayleen","w",2
1,"Mbimbu","w",2
1,"Meeri","w",2
1,"Meggan","w",2
1,"Melek","w",2
1,"Melinda","w",2
1,"Meline","w",2
1,"Meliya","w",2
1,"Mendis","w",2
1,"Merveille","w",2
1,"Meryem","w",2
1,"Meva","w",2
1,"Michelle","w",2
1,"Minel","w",2
1,"Minh","w",2
1,"Mira","w",2
1,"Momo","w",2
1,"Muath","w",2
1,"Mulema","w",2
1,"Mwaba","w",2
1,"Máirín","w",2
1,"N'keng","w",2
1,"Nafija","w",2
1,"Naira","w",2
1,"Nalu","w",2
1,"Nasli","w",2
1,"Natalia","w",2
1,"Nele","w",2
1,"Neval","w",2
1,"Nihan","w",2
1,"Nimi","w",2
1,"Nimue","w",2
1,"Noor","w",2
1,"Nora","w",2
1,"Nour","w",2
1,"Nyamekye","w",2
1,"Nzolana","w",2
1,"Océane","w",2
1,"Omosalewa","w",2
1,"Orobosa","w",2
1,"Osahenrumwen","w",2
1,"Patricia","w",2
1,"Paulin","w",2
1,"Pelita","w",2
1,"Penelope","w",2
1,"Philippa","w",2
1,"Quinn","w",2
1,"Rabiha","w",2
1,"Ran","w",2
1,"Rani","w",2
1,"Raïhanatou","w",2
1,"Renate","w",2
1,"Rey","w",2
1,"Rita","w",2
1,"Romy","w",2
1,"Roos","w",2
1,"Rosali","w",2
1,"Rosalie","w",2
1,"Rosemarie","w",2
1,"Saba","w",2
1,"Sabine","w",2
1,"Samantha","w",2
1,"Samira","w",2
1,"Sandeep","w",2
1,"Sarabi","w",2
1,"Sativa","w",2
1,"Serra","w",2
1,"Sevdalinova","w",2
1,"Seyla","w",2
1,"Shalimar","w",2
1,"Shiraz","w",2
1,"Siarheevna","w",2
1,"Sibylle","w",2
1,"Siddhiksha","w",2
1,"Silvia","w",2
1,"Skadi","w",2
1,"Stefanie","w",2
1,"Stoycheva","w",2
1,"Sumejra","w",2
1,"Susuezo","w",2
1,"Svetlinova","w",2
1,"Sylvia","w",2
1,"Sümeyye","w",2
1,"Tabea","w",2
1,"Tagirovna","w",2
1,"Talea","w",2
1,"Tamira","w",2
1,"Türkan","w",2
1,"Ute-Irmgard","w",2
1,"Ute","w",2
1,"Vasilijevna","w",2
1,"Wael","w",2
1,"Walentina","w",2
1,"Wendpouyire","w",2
1,"Wilhelmine","w",2
1,"Wilma","w",2
1,"Xiaoya","w",2
1,"Yulieva","w",2
1,"Yunxi","w",2
1,"Zelimkhanovna","w",2
1,"Zion","w",2
1,"Zoe","w",2
1,"Zoha","w",2
1,"Zoja","w",2
1,"Émeline","w",2
1,"Ëlea","w",2
1,"Ürkiye","w",2
1,"Abdelmoez","m",2
1,"Adelin","m",2
1,"Afoh","m",2
1,"Akari","m",2
1,"Akeem","m",2
1,"Akif","m",2
1,"Alif","m",2
1,"Alp","m",2
1,"Alvar","m",2
1,"Amadeus","m",2
1,"Amar","m",2
1,"Amin","m",2
1,"Andranik","m",2
1,"André","m",2
1,"Ange","m",2
1,"Anh","m",2
1,"Aria","m",2
1,"Arif","m",2
1,"Arkona","m",2
1,"Arman","m",2
1,"Arno","m",2
1,"Arthur","m",2
1,"Asenov","m",2
1,"Asim","m",2
1,"Athwal","m",2
1,"August","m",2
1,"Aurelian","m",2
1,"Babak","m",2
1,"Babatunde","m",2
1,"Bakr","m",2
1,"Bedrettin","m",2
1,"Bela","m",2
1,"Ben","m",2
1,"Benjamin","m",2
1,"Bilal","m",2
1,"Bilaly","m",2
1,"Bo","m",2
1,"Bruno","m",2
1,"Burak","m",2
1,"Cao","m",2
1,"Carlos","m",2
1,"Caspar","m",2
1,"Cassiel","m",2
1,"Cesar","m",2
1,"Chengxuan","m",2
1,"Chidubem","m",2
1,"Chima","m",2
1,"Chinonso","m",2
1,"Christoph","m",2
1,"Chukwubuikem","m",2
1,"Ciarán","m",2
1,"Collin","m",2
1,"Connor","m",2
1,"Constantin","m",2
1,"Cornelius","m",2
1,"Cosmo","m",2
1,"Damyanov","m",2
1,"Daniel","m",2
1,"Danis","m",2
1,"Darwisch","m",2
1,"Dastan","m",2
1,"Dewran","m",2
1,"Dion","m",2
1,"Dries","m",2
1,"Dursun","m",2
1,"Duy","m",2
1,"Dylan","m",2
1,"Ede","m",2
1,"Eduard","m",2
1,"Ege","m",2
1,"Eldar","m",2
1,"Emiliano","m",2
1,"Emin","m",2
1,"Emir","m",2
1,"Erick","m",2
1,"Ernst","m",2
1,"Etem","m",2
1,"Etienne","m",2
1,"Fabian","m",2
1,"Fabijano","m",2
1,"Fedorovič","m",2
1,"Felias","m",2
1,"Fenrir","m",2
1,"Francis","m",2
1,"Frank","m",2
1,"Franz","m",2
1,"François","m",2
1,"Frederic","m",2
1,"Fredi","m",2
1,"Fridolin","m",2
1,"Fynn","m",2
1,"Garby","m",2
1,"George","m",2
1,"Gerhard","m",2
1,"Ghali","m",2
1,"Glen","m",2
1,"Guillermo","m",2
1,"Günter","m",2
1,"Hak","m",2
1,"Hamit","m",2
1,"Hans","m",2
1,"Hao","m",2
1,"Hartmut","m",2
1,"Hatim","m",2
1,"Haydar","m",2
1,"Hennes","m",2
1,"Henning","m",2
1,"Henrie","m",2
1,"Henrik","m",2
1,"Heysam","m",2
1,"Hoyin","m",2
1,"Hugo","m",2
1,"Ilias","m",2
1,"Io","m",2
1,"Iohannes-Heorhevič","m",2
1,"Ionut","m",2
1,"Isa","m",2
1,"Isaac","m",2
1,"Ismet","m",2
1,"Issa","m",2
1,"Ivanovič","m",2
1,"Jack","m",2
1,"Jacob","m",2
1,"Jamal","m",2
1,"James","m",2
1,"Jan","m",2
1,"Jared","m",2
1,"Jaro","m",2
1,"Javier","m",2
1,"Jayden","m",2
1,"Jayson","m",2
1,"Jens","m",2
1,"Jeremiah","m",2
1,"Joan","m",2
1,"Joeygold","m",2
1,"Johan","m",2
1,"Jona","m",2
1,"Jordy","m",2
1,"Joscha","m",2
1,"Joshua","m",2
1,"José","m",2
1,"Jura","m",2
1,"Juri","m",2
1,"Justin","m",2
1,"Justus","m",2
1,"Kaitochukwu","m",2
1,"Kampto","m",2
1,"Karan","m",2
1,"Kaspar","m",2
1,"Kekeli","m",2
1,"Kemal","m",2
1,"Keno","m",2
1,"Kerem","m",2
1,"Kian","m",2
1,"Kilian","m",2
1,"Klaas","m",2
1,"Konrad","m",2
1,"Korshie","m",2
1,"Kosmas","m",2
1,"Kovan","m",2
1,"Kuzey","m",2
1,"Kuzuela","m",2
1,"Kylian","m",2
1,"Lawal","m",2
1,"Leen","m",2
1,"Lenn","m",2
1,"Leopardo","m",2
1,"Lev","m",2
1,"Li","m",2
1,"Liam","m",2
1,"Libor","m",2
1,"Lim","m",2
1,"Limas","m",2
1,"Lion","m",2
1,"Livian","m",2
1,"Loki","m",2
1,"Lorenzo","m",2
1,"Lori","m",2
1,"Lou","m",2
1,"Luan","m",2
1,"Lucian","m",2
1,"Luis","m",2
1,"Luka","m",2
1,"Lyan","m",2
1,"Léon","m",2
1,"Malte","m",2
1,"Malulu","m",2
1,"Manolo","m",2
1,"Manuel","m",2
1,"Mario","m",2
1,"Markus","m",2
1,"Marlon","m",2
1,"Marquise","m",2
1,"Mateo","m",2
1,"Matheo","m",2
1,"Mathéo","m",2
1,"Mattheo","m",2
1,"Mauritius","m",2
1,"Maxim","m",2
1,"Mbanisa","m",2
1,"Meikel","m",2
1,"Melchior","m",2
1,"Micha","m",2
1,"Michele","m",2
1,"Miguel","m",2
1,"Milan","m",2
1,"Milenov","m",2
1,"Mingxuan","m",2
1,"Mino","m",2
1,"Miray","m",2
1,"Miroslav","m",2
1,"Mitkov","m",2
1,"Mohamed","m",2
1,"Mokhtar","m",2
1,"Moritz","m",2
1,"Mustafa","m",2
1,"Nael","m",2
1,"Narendra","m",2
1,"Nasirudeen","m",2
1,"Nate","m",2
1,"Nathanael","m",2
1,"Navid","m",2
1,"Necati","m",2
1,"Neo","m",2
1,"Ngoc","m",2
1,"Nicholas","m",2
1,"Nico","m",2
1,"Nicolas","m",2
1,"Nikolaus","m",2
1,"Norbert","m",2
1,"Noél","m",2
1,"Ole","m",2
1,"Oluwaferanmi","m",2
1,"Omar","m",2
1,"Onosatale","m",2
1,"Osakpolor","m",2
1,"Osayogie","m",2
1,"Ossip","m",2
1,"Owen","m",2
1,"Patrick","m",2
1,"Paulo","m",2
1,"Pavel","m",2
1,"Phil","m",2
1,"Philip","m",2
1,"Phillip","m",2
1,"Pierre","m",2
1,"Raaif","m",2
1,"Radoslav","m",2
1,"Rafael","m",2
1,"Raimond","m",2
1,"Ralf","m",2
1,"Ramon","m",2
1,"Rasmus","m",2
1,"Reddy","m",2
1,"Reilly","m",2
1,"Reyk","m",2
1,"Richie","m",2
1,"Robin","m",2
1,"Rodi","m",2
1,"Rudi","m",2
1,"Rudolf","m",2
1,"Saad","m",2
1,"Sadjad","m",2
1,"Sahin","m",2
1,"Said","m",2
1,"Samir","m",2
1,"Samu","m",2
1,"Sander","m",2
1,"Sandro","m",2
1,"Santiago","m",2
1,"Sean","m",2
1,"Sebastian","m",2
1,"Sevinchov","m",2
1,"Shams","m",2
1,"Shinaayomi","m",2
1,"Stefano","m",2
1,"Stoyanov","m",2
1,"Suhair","m",2
1,"Taavi","m",2
1,"Tane","m",2
1,"Taqi","m",2
1,"Teoman","m",2
1,"Thomas","m",2
1,"Tiago","m",2
1,"Tiberius","m",2
1,"Tim","m",2
1,"Titus","m",2
1,"Tjark","m",2
1,"Tobias","m",2
1,"Toni","m",2
1,"Tyler","m",2
1,"Ulrich","m",2
1,"Umut","m",2
1,"Urup","m",2
1,"Victor","m",2
1,"Waldemar","m",2
1,"Watan","m",2
1,"Willi","m",2
1,"Wim","m",2
1,"Winand","m",2
1,"Xun","m",2
1,"Yassir","m",2
1,"Yilmaz","m",2
1,"Zagirovič","m",2
1,"Zoltan","m",2
1,"Zülfüqar","m",2
1,"Zəkaevič","m",2
1,"Achoura","w",3
1,"Agneta","w",3
1,"Ahmad","w",3
1,"Alicja","w",3
1,"Andrea","w",3
1,"Ani","w",3
1,"Anya","w",3
1,"Augusta","w",3
1,"Châu","w",3
1,"Danièle","w",3
1,"Delphine","w",3
1,"Elfriede","w",3
1,"Eliana","w",3
1,"Elisa","w",3
1,"Elizaveta","w",3
1,"Francisco","w",3
1,"Franziska","w",3
1,"Gabriele","w",3
1,"Gerta","w",3
1,"Ghazi","w",3
1,"Habiba","w",3
1,"Irmgard","w",3
1,"Jeanne","w",3
1,"Jessnay","w",3
1,"Jihan","w",3
1,"Jolie","w",3
1,"Josefine","w",3
1,"Julianna","w",3
1,"Julie","w",3
1,"Kisiwah","w",3
1,"Lisanne","w",3
1,"Lotte","w",3
1,"Mahmoud","w",3
1,"Malea","w",3
1,"Margarete","w",3
1,"Marielle","w",3
1,"Marlene","w",3
1,"Marlies","w",3
1,"Maïsha","w",3
1,"Meryem","w",3
1,"Minna","w",3
1,"Mohamed","w",3
1,"Nadine","w",3
1,"Neceline","w",3
1,"Olympia","w",3
1,"Omotola","w",3
1,"Petronella","w",3
1,"Taylor","w",3
1,"Teresa","w",3
1,"Walda","w",3
1,"Alen","m",3
1,"Anh","m",3
1,"Armand","m",3
1,"Aurel","m",3
1,"Aurelio","m",3
1,"Ayobami","m",3
1,"Ayomide","m",3
1,"Basileo","m",3
1,"Bela","m",3
1,"Benedikt","m",3
1,"Bernd","m",3
1,"Bernhard","m",3
1,"Christoph","m",3
1,"Cruz","m",3
1,"Detlef","m",3
1,"Egon","m",3
1,"Filippo","m",3
1,"Gerhard","m",3
1,"Guido","m",3
1,"Günther","m",3
1,"Harald","m",3
1,"Harri","m",3
1,"Helmut","m",3
1,"Henry","m",3
1,"Jacob","m",3
1,"Jafri","m",3
1,"Jakob","m",3
1,"James","m",3
1,"Jerômé","m",3
1,"Johann","m",3
1,"Jonathan","m",3
1,"Jordan","m",3
1,"Josef","m",3
1,"Jun-Ren","m",3
1,"Karl-Heinz","m",3
1,"Karl","m",3
1,"Karos","m",3
1,"Killian","m",3
1,"Kwasi","m",3
1,"Lam","m",3
1,"Lio","m",3
1,"Lukas","m",3
1,"Macaire","m",3
1,"Manfred","m",3
1,"Martin","m",3
1,"Maximilian","m",3
1,"Mohamed","m",3
1,"Nabil","m",3
1,"Nikolaus","m",3
1,"Nils","m",3
1,"Olatundé","m",3
1,"Otto","m",3
1,"Patrick","m",3
1,"Paul","m",3
1,"René","m",3
1,"Roman","m",3
1,"Roy","m",3
1,"Ruben","m",3
1,"Said","m",3
1,"Sami","m",3
1,"Shane","m",3
1,"Simon","m",3
1,"Stefano","m",3
1,"Stuart","m",3
1,"Theo","m",3
1,"Theodor","m",3
1,"Yusupovič","m",3
1,"Zheng","m",3
1,"Änneas","m",3
1,"Abena","w",4
1,"Anwar","w",4
1,"Brynhild","w",4
1,"Hannah","w",4
1,"Ngeleka","w",4
1,"Abdelmoez","m",4
1,"Balthazar","m",4
1,"Eberhard","m",4
1,"Eyas","m",4
1,"Ghislaine","m",4
1,"Godstime","m",4
1,"Johannes","m",4
1,"Klaus","m",4
1,"Mohamed","m",4
1,"Paul","m",4
1,"Wilhelm","m",4
1,"Marion","w",5
1,"Anton","m",5
1,"Oliver","m",5
1,"Yunus","m",5
